Simulation Time(s); Slice ID; Slice Priority old; Slice Request; Slice old alloc; Slice Priority new; slice new alloc
0; 18; 94; 17.640365; 22.000000; 94; 17.640365;
0; 17; 84; 17.707571; 20.000000; 84; 17.707571;
0; 5; 80; 13.320720; 16.000000; 80; 13.320720;
0; 3; 79; 17.507008; 22.000000; 79; 17.507008;
0; 10; 74; 46.490700; 56.000000; 74; 46.490700;
0; 12; 67; 46.139912; 2.000000; 67; 46.139912;
0; 6; 59; 12.545666; 7.000000; 59; 12.545666;
0; 9; 59; 48.613224; 59.000000; 59; 48.613224;
0; 19; 54; 44.428150; 44.000000; 54; 44.428150;
0; 4; 48; 10.633318; 3.000000; 48; 10.633318;
0; 0; 46; 10.633318; 9.000000; 46; 10.633318;
0; 15; 42; 18.081654; 17.000000; 42; 18.081654;
0; 11; 35; 45.633142; 53.000000; 35; 45.633142;
0; 1; 30; 45.782420; 44.000000; 30; 45.782420;
0; 8; 19; 15.746707; 6.000000; 19; 15.746707;
0; 16; 16; 45.049253; 37.000000; 16; 45.049253;
0; 2; 16; 40.577706; 28.000000; 16; 40.577706;
0; 13; 9; 16.553175; 19.000000; 9; 16.553175;
0; 14; 8; 46.231593; 5.000000; 13; 31.429665;
0; 7; 4; 15.486326; 20.000000; 4; 15.486326;



1; 18; 94; 18.517925; 17.640365; 94; 18.517925;
1; 17; 84; 19.711780; 17.707571; 84; 19.711780;
1; 5; 80; 13.449691; 13.320720; 80; 13.449691;
1; 3; 79; 17.601140; 17.507008; 79; 17.601140;
1; 10; 74; 46.622493; 46.490700; 74; 46.622493;
1; 12; 67; 45.589092; 46.139912; 67; 45.589092;
1; 6; 59; 5.181879; 12.545666; 59; 5.181879;
1; 9; 59; 48.659646; 48.613224; 59; 48.659646;
1; 19; 54; 47.652083; 44.428150; 54; 47.652083;
1; 4; 48; 5.867886; 10.633318; 48; 5.867886;
1; 0; 46; 5.867886; 10.633318; 46; 5.867886;
1; 15; 42; 18.435987; 18.081654; 42; 18.435987;
1; 11; 35; 46.103980; 45.633142; 35; 46.103980;
1; 1; 30; 45.700460; 45.782420; 30; 45.700460;
1; 8; 19; 14.391512; 15.746707; 19; 14.391512;
1; 16; 16; 44.668296; 45.049253; 16; 44.668296;
1; 2; 16; 40.490464; 40.577706; 16; 40.490464;
1; 14; 13; 45.874508; 31.429665; 43; 45.271333;
1; 13; 9; 15.914746; 16.553175; 9; 15.914746;
1; 7; 4; 14.301721; 15.486326; 4; 14.301721;



2; 18; 94; 18.921503; 18.517925; 94; 18.921503;
2; 17; 84; 16.738065; 19.711780; 84; 19.711780;
2; 5; 80; 13.131981; 13.449691; 80; 13.449691;
2; 3; 79; 15.794633; 17.601140; 79; 17.601140;
2; 10; 74; 46.107415; 46.622493; 74; 46.622493;
2; 12; 67; 47.885726; 45.589092; 67; 47.885726;
2; 6; 59; 6.799704; 5.181879; 59; 6.799704;
2; 9; 59; 48.568268; 48.659646; 59; 48.659646;
2; 19; 54; 44.401087; 47.652083; 54; 45.064650;
2; 4; 48; 4.700655; 5.867886; 48; 4.700655;
2; 0; 46; 4.700655; 5.867886; 46; 4.700655;
2; 14; 43; 45.178491; 45.271333; 8; 45.178491;
2; 15; 42; 16.714554; 18.435987; 42; 16.714554;
2; 11; 35; 46.268448; 46.103980; 35; 46.268448;
2; 1; 30; 45.683152; 45.700460; 30; 45.683152;
2; 8; 19; 14.644640; 14.391512; 19; 14.644640;
2; 2; 16; 36.418176; 40.490464; 16; 36.418176;
2; 16; 16; 48.000934; 44.668296; 16; 48.000934;
2; 13; 9; 15.440655; 15.914746; 9; 15.440655;
2; 7; 4; 17.533307; 14.301721; 4; 17.533307;



3; 18; 94; 16.783593; 18.921503; 94; 16.783593;
3; 17; 84; 18.330839; 19.711780; 84; 18.330839;
3; 5; 80; 12.670188; 13.449691; 80; 12.670188;
3; 3; 79; 18.084805; 17.601140; 79; 18.084805;
3; 10; 74; 45.003765; 46.622493; 74; 45.003765;
3; 12; 67; 46.604820; 47.885726; 67; 46.604820;
3; 6; 59; 9.579641; 6.799704; 59; 9.579641;
3; 9; 59; 48.899812; 48.659646; 59; 48.899812;
3; 19; 54; 47.968148; 45.064650; 54; 47.968148;
3; 4; 48; 10.319821; 4.700655; 48; 10.319821;
3; 0; 46; 10.319821; 4.700655; 46; 10.319821;
3; 15; 42; 18.892626; 16.714554; 42; 18.892626;
3; 11; 35; 45.982426; 46.268448; 35; 45.982426;
3; 1; 30; 45.859293; 45.683152; 30; 45.859293;
3; 8; 19; 15.085662; 14.644640; 19; 15.085662;
3; 2; 16; 37.179621; 36.418176; 16; 37.179621;
3; 16; 16; 45.888131; 48.000934; 16; 45.888131;
3; 13; 9; 14.803592; 15.440655; 9; 14.803592;
3; 14; 8; 45.868463; 45.178491; 8; 45.868463;
3; 7; 4; 16.699572; 17.533307; 5; 5.874933;



4; 18; 94; 18.188646; 16.783593; 94; 18.188646;
4; 17; 84; 17.016533; 18.330839; 84; 17.016533;
4; 5; 80; 11.014977; 12.670188; 80; 11.014977;
4; 3; 79; 18.807772; 18.084805; 79; 18.807772;
4; 10; 74; 46.071853; 45.003765; 74; 46.071853;
4; 12; 67; 45.712173; 46.604820; 67; 45.712173;
4; 6; 59; 8.483799; 9.579641; 59; 8.483799;
4; 9; 59; 48.475687; 48.899812; 59; 48.475687;
4; 19; 54; 45.901539; 47.968148; 54; 45.901539;
4; 4; 48; 10.437630; 10.319821; 48; 10.437630;
4; 0; 46; 10.437630; 10.319821; 46; 10.437630;
4; 15; 42; 19.055508; 18.892626; 42; 19.055508;
4; 11; 35; 47.289818; 45.982426; 35; 47.289818;
4; 1; 30; 45.994352; 45.859293; 30; 45.994352;
4; 8; 19; 15.174835; 15.085662; 19; 15.174835;
4; 2; 16; 37.758067; 37.179621; 16; 37.758067;
4; 16; 16; 46.537486; 45.888131; 16; 46.537486;
4; 13; 9; 16.797053; 14.803592; 9; 16.797053;
4; 14; 8; 48.043459; 45.868463; 13; 36.114127;
4; 7; 5; 14.730515; 5.874933; 4; 14.730515;



5; 18; 94; 17.806390; 18.188646; 94; 17.806390;
5; 17; 84; 15.629799; 17.016533; 84; 15.629799;
5; 5; 80; 10.280987; 11.014977; 80; 10.280987;
5; 3; 79; 18.039921; 18.807772; 79; 18.039921;
5; 10; 74; 45.703511; 46.071853; 74; 45.703511;
5; 12; 67; 45.812170; 45.712173; 67; 45.812170;
5; 6; 59; 6.809280; 8.483799; 59; 6.809280;
5; 9; 59; 48.402075; 48.475687; 59; 48.402075;
5; 19; 54; 48.143409; 45.901539; 54; 48.143409;
5; 4; 48; 11.496260; 10.437630; 48; 11.496260;
5; 0; 46; 11.496260; 10.437630; 46; 11.496260;
5; 15; 42; 16.598477; 19.055508; 42; 16.598477;
5; 11; 35; 46.236111; 47.289818; 35; 46.236111;
5; 1; 30; 45.945362; 45.994352; 30; 45.945362;
5; 8; 19; 16.731394; 15.174835; 19; 16.731394;
5; 2; 16; 39.611404; 37.758067; 16; 39.611404;
5; 16; 16; 44.002164; 46.537486; 16; 44.002164;
5; 14; 13; 45.964571; 36.114127; 40; 40.464603;
5; 13; 9; 13.608951; 16.797053; 9; 13.608951;
5; 7; 4; 17.181472; 14.730515; 4; 17.181472;



6; 18; 94; 19.352776; 17.806390; 94; 19.352776;
6; 17; 84; 18.133808; 15.629799; 84; 18.133808;
6; 5; 80; 11.838022; 10.280987; 80; 11.838022;
6; 3; 79; 17.375608; 18.039921; 79; 17.375608;
6; 10; 74; 45.450506; 45.703511; 74; 45.450506;
6; 12; 67; 46.175892; 45.812170; 67; 46.175892;
6; 6; 59; 10.788559; 6.809280; 59; 10.788559;
6; 9; 59; 48.283509; 48.402075; 59; 48.283509;
6; 19; 54; 45.208699; 48.143409; 54; 45.208699;
6; 4; 48; 7.331457; 11.496260; 48; 7.331457;
6; 0; 46; 7.331457; 11.496260; 46; 7.331457;
6; 15; 42; 16.383671; 16.598477; 42; 16.383671;
6; 14; 40; 47.204408; 40.464603; 8; 47.204408;
6; 11; 35; 46.732054; 46.236111; 35; 46.732054;
6; 1; 30; 46.044836; 45.945362; 30; 46.044836;
6; 8; 19; 16.193167; 16.731394; 19; 16.193167;
6; 16; 16; 48.164724; 44.002164; 16; 48.164724;
6; 2; 16; 38.422869; 39.611404; 16; 38.422869;
6; 13; 9; 16.654067; 13.608951; 9; 16.654067;
6; 7; 4; 16.364039; 17.181472; 5; 6.929911;



7; 18; 94; 17.422482; 19.352776; 94; 19.352776;
7; 17; 84; 17.345230; 18.133808; 84; 18.133808;
7; 5; 80; 13.511726; 11.838022; 80; 13.511726;
7; 3; 79; 19.091818; 17.375608; 79; 19.091818;
7; 10; 74; 46.273287; 45.450506; 74; 46.273287;
7; 12; 67; 45.996760; 46.175892; 67; 46.175892;
7; 6; 59; 10.209362; 10.788559; 59; 10.788559;
7; 9; 59; 48.459370; 48.283509; 59; 48.459370;
7; 19; 54; 45.330505; 45.208699; 54; 45.330505;
7; 4; 48; 0.515403; 7.331457; 48; 7.331457;
7; 0; 46; 0.515403; 7.331457; 46; 1.096078;
7; 15; 42; 16.908460; 16.383671; 42; 16.908460;
7; 11; 35; 45.946198; 46.732054; 35; 45.946198;
7; 1; 30; 45.330073; 46.044836; 30; 45.330073;
7; 8; 19; 14.840599; 16.193167; 19; 14.840599;
7; 16; 16; 44.436878; 48.164724; 16; 44.436878;
7; 2; 16; 38.202676; 38.422869; 16; 38.202676;
7; 13; 9; 16.388110; 16.654067; 9; 16.388110;
7; 14; 8; 46.297409; 47.204408; 8; 46.297409;
7; 7; 5; 16.104321; 6.929911; 4; 16.104321;



8; 18; 94; 17.593950; 19.352776; 94; 17.593950;
8; 17; 84; 18.448275; 18.133808; 84; 18.448275;
8; 5; 80; 13.070223; 13.511726; 80; 13.070223;
8; 3; 79; 18.137643; 19.091818; 79; 18.137643;
8; 10; 74; 46.056332; 46.273287; 74; 46.056332;
8; 12; 67; 46.186832; 46.175892; 67; 46.186832;
8; 6; 59; 7.739699; 10.788559; 59; 7.739699;
8; 9; 59; 48.359814; 48.459370; 59; 48.359814;
8; 19; 54; 45.178079; 45.330505; 54; 45.178079;
8; 4; 48; 7.048983; 7.331457; 48; 7.048983;
8; 0; 46; 7.048983; 1.096078; 46; 7.048983;
8; 15; 42; 16.791617; 16.908460; 42; 16.791617;
8; 11; 35; 45.686555; 45.946198; 35; 45.686555;
8; 1; 30; 44.980899; 45.330073; 30; 44.980899;
8; 8; 19; 14.811117; 14.840599; 19; 14.811117;
8; 16; 16; 45.203623; 44.436878; 16; 45.203623;
8; 2; 16; 39.851097; 38.202676; 16; 39.851097;
8; 13; 9; 17.474671; 16.388110; 9; 17.474671;
8; 14; 8; 45.233228; 46.297409; 8; 45.233228;
8; 7; 4; 15.892295; 16.104321; 7; 15.098380;



9; 18; 94; 17.937249; 17.593950; 94; 17.937249;
9; 17; 84; 17.524277; 18.448275; 84; 18.448275;
9; 5; 80; 10.870760; 13.070223; 80; 13.070223;
9; 3; 79; 18.583631; 18.137643; 79; 18.583631;
9; 10; 74; 46.048314; 46.056332; 74; 46.056332;
9; 12; 67; 46.072901; 46.186832; 67; 46.186832;
9; 6; 59; 4.676748; 7.739699; 59; 7.739699;
9; 9; 59; 49.062593; 48.359814; 59; 49.062593;
9; 19; 54; 47.172593; 45.178079; 54; 47.172593;
9; 4; 48; 3.747117; 7.048983; 48; 5.433785;
9; 0; 46; 3.747117; 7.048983; 46; 3.747117;
9; 15; 42; 16.686569; 16.791617; 42; 16.686569;
9; 11; 35; 46.186446; 45.686555; 35; 46.186446;
9; 1; 30; 46.061980; 44.980899; 30; 46.061980;
9; 8; 19; 16.183417; 14.811117; 19; 16.183417;
9; 16; 16; 45.444179; 45.203623; 16; 45.444179;
9; 2; 16; 39.839022; 39.851097; 16; 39.839022;
9; 13; 9; 14.841060; 17.474671; 9; 14.841060;
9; 14; 8; 45.754581; 45.233228; 8; 45.754581;
9; 7; 7; 15.564417; 15.098380; 4; 15.564417;



10; 18; 94; 19.357962; 17.937249; 94; 19.357962;
10; 17; 84; 17.776441; 18.448275; 84; 18.448275;
10; 5; 80; 10.201951; 13.070223; 80; 13.070223;
10; 3; 79; 17.980495; 18.583631; 79; 18.583631;
10; 10; 74; 46.180806; 46.056332; 74; 46.180806;
10; 12; 67; 45.415791; 46.186832; 67; 46.186832;
10; 6; 59; 4.186816; 7.739699; 59; 7.739699;
10; 9; 59; 48.696746; 49.062593; 59; 49.062593;
10; 19; 54; 45.257076; 47.172593; 54; 45.912889;
10; 4; 48; 3.540586; 5.433785; 48; 3.540586;
10; 0; 46; 3.540586; 3.747117; 46; 3.540586;
10; 15; 42; 18.037996; 16.686569; 42; 18.037996;
10; 11; 35; 45.574204; 46.186446; 35; 45.574204;
10; 1; 30; 46.125784; 46.061980; 30; 46.125784;
10; 8; 19; 17.283359; 16.183417; 19; 17.283359;
10; 16; 16; 47.065069; 45.444179; 16; 47.065069;
10; 2; 16; 37.464381; 39.839022; 16; 37.464381;
10; 13; 9; 16.355117; 14.841060; 9; 16.355117;
10; 14; 8; 45.880645; 45.754581; 8; 45.880645;
10; 7; 4; 14.589363; 15.564417; 4; 14.589363;



11; 18; 94; 19.081739; 19.357962; 94; 19.081739;
11; 17; 84; 18.612993; 18.448275; 84; 18.612993;
11; 5; 80; 10.310214; 13.070223; 80; 10.310214;
11; 3; 79; 16.625064; 18.583631; 79; 16.625064;
11; 10; 74; 45.858723; 46.180806; 74; 45.858723;
11; 12; 67; 45.801404; 46.186832; 67; 45.801404;
11; 6; 59; 6.555161; 7.739699; 59; 6.555161;
11; 9; 59; 48.498065; 49.062593; 59; 48.498065;
11; 19; 54; 46.522807; 45.912889; 54; 46.522807;
11; 4; 48; 11.019257; 3.540586; 48; 11.019257;
11; 0; 46; 11.019257; 3.540586; 46; 11.019257;
11; 15; 42; 17.041343; 18.037996; 42; 17.041343;
11; 11; 35; 47.854444; 45.574204; 35; 47.854444;
11; 1; 30; 46.042504; 46.125784; 30; 46.042504;
11; 8; 19; 15.650672; 17.283359; 19; 15.650672;
11; 16; 16; 45.841202; 47.065069; 16; 45.841202;
11; 2; 16; 36.392839; 37.464381; 16; 36.392839;
11; 13; 9; 17.183274; 16.355117; 9; 17.183274;
11; 14; 8; 48.147172; 45.880645; 8; 48.147172;
11; 7; 4; 15.993300; 14.589363; 5; 5.941866;



12; 18; 94; 18.256382; 19.081739; 94; 18.256382;
12; 17; 84; 17.539447; 18.612993; 84; 17.539447;
12; 5; 80; 11.472947; 10.310214; 80; 11.472947;
12; 3; 79; 19.091891; 16.625064; 79; 19.091891;
12; 10; 74; 47.922431; 45.858723; 74; 47.922431;
12; 12; 67; 47.128149; 45.801404; 67; 47.128149;
12; 6; 59; 8.331456; 6.555161; 59; 8.331456;
12; 9; 59; 48.209361; 48.498065; 59; 48.209361;
12; 19; 54; 45.420597; 46.522807; 54; 45.420597;
12; 4; 48; 13.210569; 11.019257; 48; 13.210569;
12; 0; 46; 13.210569; 11.019257; 46; 13.210569;
12; 15; 42; 18.830254; 17.041343; 42; 18.830254;
12; 11; 35; 46.164965; 47.854444; 35; 46.164965;
12; 1; 30; 45.862947; 46.042504; 30; 45.862947;
12; 8; 19; 14.886488; 15.650672; 19; 14.886488;
12; 16; 16; 46.653203; 45.841202; 16; 46.653203;
12; 2; 16; 39.336124; 36.392839; 16; 39.336124;
12; 13; 9; 15.269662; 17.183274; 9; 15.269662;
12; 14; 8; 46.111536; 48.147172; 14; 37.789650;
12; 7; 5; 16.335555; 5.941866; 8; 5.412908;



13; 18; 94; 17.536681; 18.256382; 94; 17.536681;
13; 17; 84; 17.302946; 17.539447; 84; 17.302946;
13; 5; 80; 8.795256; 11.472947; 80; 8.795256;
13; 3; 79; 18.448203; 19.091891; 79; 18.448203;
13; 10; 74; 48.084343; 47.922431; 74; 48.084343;
13; 12; 67; 44.295756; 47.128149; 67; 44.295756;
13; 6; 59; 9.778776; 8.331456; 59; 9.778776;
13; 9; 59; 48.461492; 48.209361; 59; 48.461492;
13; 19; 54; 45.050383; 45.420597; 54; 45.050383;
13; 4; 48; 5.864393; 13.210569; 48; 5.864393;
13; 0; 46; 5.864393; 13.210569; 46; 5.864393;
13; 15; 42; 17.450396; 18.830254; 42; 17.450396;
13; 11; 35; 46.393239; 46.164965; 35; 46.393239;
13; 1; 30; 45.820353; 45.862947; 30; 45.820353;
13; 8; 19; 18.711784; 14.886488; 19; 18.711784;
13; 16; 16; 45.893346; 46.653203; 16; 45.893346;
13; 2; 16; 39.418516; 39.336124; 16; 39.418516;
13; 14; 14; 45.687570; 37.789650; 8; 45.687570;
13; 13; 9; 15.916868; 15.269662; 9; 15.916868;
13; 7; 8; 16.376948; 5.412908; 57; 15.225306;



14; 18; 94; 18.911797; 17.536681; 94; 18.911797;
14; 17; 84; 17.601594; 17.302946; 84; 17.601594;
14; 5; 80; 11.402129; 8.795256; 80; 11.402129;
14; 3; 79; 18.933370; 18.448203; 79; 18.933370;
14; 10; 74; 46.424084; 48.084343; 74; 46.424084;
14; 12; 67; 46.011755; 44.295756; 67; 46.011755;
14; 6; 59; 8.172710; 9.778776; 59; 8.172710;
14; 9; 59; 48.590048; 48.461492; 59; 48.590048;
14; 7; 57; 17.358094; 15.225306; 4; 17.358094;
14; 19; 54; 47.320621; 45.050383; 54; 47.320621;
14; 4; 48; 4.282336; 5.864393; 48; 4.282336;
14; 0; 46; 4.282336; 5.864393; 46; 4.282336;
14; 15; 42; 18.585348; 17.450396; 42; 18.585348;
14; 11; 35; 46.032366; 46.393239; 35; 46.032366;
14; 1; 30; 45.481608; 45.820353; 30; 45.481608;
14; 8; 19; 15.390541; 18.711784; 19; 15.390541;
14; 2; 16; 38.643910; 39.418516; 16; 38.643910;
14; 16; 16; 46.355806; 45.893346; 16; 46.355806;
14; 13; 9; 15.388258; 15.916868; 9; 15.388258;
14; 14; 8; 45.551016; 45.687570; 15; 44.831289;



15; 18; 94; 18.369008; 18.911797; 94; 18.369008;
15; 17; 84; 18.242275; 17.601594; 84; 18.242275;
15; 5; 80; 9.394559; 11.402129; 80; 9.394559;
15; 3; 79; 17.555657; 18.933370; 79; 17.555657;
15; 10; 74; 46.976188; 46.424084; 74; 46.976188;
15; 12; 67; 46.000608; 46.011755; 67; 46.000608;
15; 6; 59; 9.366009; 8.172710; 59; 9.366009;
15; 9; 59; 48.863551; 48.590048; 59; 48.863551;
15; 19; 54; 46.344878; 47.320621; 54; 46.344878;
15; 4; 48; 6.530207; 4.282336; 48; 6.530207;
15; 0; 46; 6.530207; 4.282336; 46; 6.530207;
15; 15; 42; 19.154758; 18.585348; 42; 19.154758;
15; 11; 35; 46.449953; 46.032366; 35; 46.449953;
15; 1; 30; 47.028397; 45.481608; 30; 47.028397;
15; 8; 19; 15.473069; 15.390541; 19; 15.473069;
15; 2; 16; 36.399720; 38.643910; 16; 36.399720;
15; 16; 16; 46.107003; 46.355806; 16; 46.107003;
15; 14; 15; 45.286701; 44.831289; 8; 45.286701;
15; 13; 9; 15.744804; 15.388258; 9; 15.744804;
15; 7; 4; 16.831432; 17.358094; 7; 14.182448;



16; 18; 94; 17.968677; 18.369008; 94; 18.369008;
16; 17; 84; 17.502122; 18.242275; 84; 18.242275;
16; 5; 80; 7.913949; 9.394559; 80; 9.394559;
16; 3; 79; 17.413895; 17.555657; 79; 17.555657;
16; 10; 74; 46.261321; 46.976188; 74; 46.976188;
16; 12; 67; 46.014327; 46.000608; 67; 46.014327;
16; 6; 59; 3.814575; 9.366009; 59; 9.366009;
16; 9; 59; 48.673410; 48.863551; 59; 48.863551;
16; 19; 54; 46.447387; 46.344878; 54; 46.447387;
16; 4; 48; 3.125979; 6.530207; 48; 3.938455;
16; 0; 46; 3.125979; 6.530207; 46; 3.125979;
16; 15; 42; 17.409820; 19.154758; 42; 17.409820;
16; 11; 35; 45.966172; 46.449953; 35; 45.966172;
16; 1; 30; 45.860886; 47.028397; 30; 45.860886;
16; 8; 19; 17.187739; 15.473069; 19; 17.187739;
16; 2; 16; 39.762794; 36.399720; 16; 39.762794;
16; 16; 16; 45.914892; 46.107003; 16; 45.914892;
16; 13; 9; 15.678826; 15.744804; 9; 15.678826;
16; 14; 8; 45.648130; 45.286701; 8; 45.648130;
16; 7; 7; 18.277346; 14.182448; 4; 18.277346;



17; 18; 94; 18.809196; 18.369008; 94; 18.809196;
17; 17; 84; 18.762420; 18.242275; 84; 18.762420;
17; 5; 80; 10.706285; 9.394559; 80; 10.706285;
17; 3; 79; 18.773720; 17.555657; 79; 18.773720;
17; 10; 74; 46.263209; 46.976188; 74; 46.976188;
17; 12; 67; 47.495450; 46.014327; 67; 47.495450;
17; 6; 59; 7.850573; 9.366009; 59; 9.201340;
17; 9; 59; 48.717450; 48.863551; 59; 48.717450;
17; 19; 54; 45.883294; 46.447387; 54; 45.883294;
17; 4; 48; 3.339340; 3.938455; 48; 3.339340;
17; 0; 46; 3.339340; 3.125979; 46; 3.339340;
17; 15; 42; 17.954104; 17.409820; 42; 17.954104;
17; 11; 35; 47.520642; 45.966172; 35; 47.520642;
17; 1; 30; 46.195732; 45.860886; 30; 46.195732;
17; 8; 19; 17.625421; 17.187739; 19; 17.625421;
17; 2; 16; 35.626043; 39.762794; 16; 35.626043;
17; 16; 16; 45.535350; 45.914892; 16; 45.535350;
17; 13; 9; 15.186451; 15.678826; 9; 15.186451;
17; 14; 8; 45.906332; 45.648130; 8; 45.906332;
17; 7; 4; 16.445902; 18.277346; 4; 16.445902;



18; 18; 94; 18.220275; 18.809196; 94; 18.220275;
18; 17; 84; 18.060973; 18.762420; 84; 18.060973;
18; 5; 80; 10.377952; 10.706285; 80; 10.377952;
18; 3; 79; 19.107225; 18.773720; 79; 19.107225;
18; 10; 74; 46.261679; 46.976188; 74; 46.261679;
18; 12; 67; 46.377977; 47.495450; 67; 46.377977;
18; 6; 59; 10.282062; 9.201340; 59; 10.282062;
18; 9; 59; 48.262622; 48.717450; 59; 48.262622;
18; 19; 54; 48.464875; 45.883294; 54; 48.464875;
18; 4; 48; 5.175422; 3.339340; 48; 5.175422;
18; 0; 46; 5.175422; 3.339340; 46; 5.175422;
18; 15; 42; 18.456023; 17.954104; 42; 18.456023;
18; 11; 35; 46.354051; 47.520642; 35; 46.354051;
18; 1; 30; 46.115250; 46.195732; 30; 46.115250;
18; 8; 19; 15.203766; 17.625421; 19; 15.203766;
18; 2; 16; 37.391269; 35.626043; 16; 37.391269;
18; 16; 16; 43.817155; 45.535350; 16; 43.817155;
18; 13; 9; 15.307140; 15.186451; 9; 15.307140;
18; 14; 8; 45.888061; 45.906332; 8; 45.888061;
18; 7; 4; 17.011430; 16.445902; 7; 15.700801;



19; 18; 94; 18.503681; 18.220275; 94; 18.503681;
19; 17; 84; 18.324623; 18.060973; 84; 18.324623;
19; 5; 80; 12.758235; 10.377952; 80; 12.758235;
19; 3; 79; 16.511615; 19.107225; 79; 16.511615;
19; 10; 74; 45.932170; 46.261679; 74; 45.932170;
19; 12; 67; 45.755009; 46.377977; 67; 45.755009;
19; 6; 59; 6.550989; 10.282062; 59; 6.550989;
19; 9; 59; 48.453962; 48.262622; 59; 48.453962;
19; 19; 54; 44.053516; 48.464875; 54; 44.053516;
19; 4; 48; 11.410596; 5.175422; 48; 11.410596;
19; 0; 46; 11.410596; 5.175422; 46; 11.410596;
19; 15; 42; 16.580286; 18.456023; 42; 16.580286;
19; 11; 35; 45.821349; 46.354051; 35; 45.821349;
19; 1; 30; 45.937162; 46.115250; 30; 45.937162;
19; 8; 19; 16.196673; 15.203766; 19; 16.196673;
19; 2; 16; 40.081562; 37.391269; 16; 40.081562;
19; 16; 16; 48.343838; 43.817155; 16; 48.343838;
19; 13; 9; 14.923272; 15.307140; 9; 14.923272;
19; 14; 8; 47.412354; 45.888061; 15; 43.493764;
19; 7; 7; 16.462725; 15.700801; 16; 8.957102;



20; 18; 94; 17.028283; 18.503681; 94; 17.028283;
20; 17; 84; 19.517992; 18.324623; 84; 19.517992;
20; 5; 80; 12.298955; 12.758235; 80; 12.298955;
20; 3; 79; 18.603190; 16.511615; 79; 18.603190;
20; 10; 74; 45.907887; 45.932170; 74; 45.907887;
20; 12; 67; 45.166841; 45.755009; 67; 45.166841;
20; 6; 59; 6.875683; 6.550989; 59; 6.875683;
20; 9; 59; 48.310599; 48.453962; 59; 48.310599;
20; 19; 54; 48.467761; 44.053516; 54; 48.467761;
20; 4; 48; 10.206842; 11.410596; 48; 10.206842;
20; 0; 46; 10.206842; 11.410596; 46; 10.206842;
20; 15; 42; 18.378249; 16.580286; 42; 18.378249;
20; 11; 35; 46.158644; 45.821349; 35; 46.158644;
20; 1; 30; 45.887525; 45.937162; 30; 45.887525;
20; 8; 19; 17.422810; 16.196673; 19; 17.422810;
20; 2; 16; 39.764370; 40.081562; 16; 39.764370;
20; 16; 16; 44.812667; 48.343838; 16; 44.812667;
20; 7; 16; 15.343208; 8.957102; 4; 15.343208;
20; 14; 15; 46.357752; 43.493764; 48; 37.032146;
20; 13; 9; 16.519259; 14.923272; 15; 12.609506;



21; 18; 94; 18.550330; 17.028283; 94; 18.550330;
21; 17; 84; 19.523573; 19.517992; 84; 19.523573;
21; 5; 80; 12.095051; 12.298955; 80; 12.095051;
21; 3; 79; 18.041558; 18.603190; 79; 18.041558;
21; 10; 74; 47.104432; 45.907887; 74; 47.104432;
21; 12; 67; 45.959312; 45.166841; 67; 45.959312;
21; 6; 59; 5.602327; 6.875683; 59; 5.602327;
21; 9; 59; 48.425164; 48.310599; 59; 48.425164;
21; 19; 54; 44.680953; 48.467761; 54; 44.680953;
21; 4; 48; 8.685012; 10.206842; 48; 8.685012;
21; 14; 48; 45.982294; 37.032146; 8; 45.982294;
21; 0; 46; 8.685012; 10.206842; 46; 8.685012;
21; 15; 42; 20.353537; 18.378249; 42; 20.353537;
21; 11; 35; 46.196720; 46.158644; 35; 46.196720;
21; 1; 30; 45.890634; 45.887525; 30; 45.890634;
21; 8; 19; 14.953238; 17.422810; 19; 14.953238;
21; 16; 16; 44.379302; 44.812667; 16; 44.379302;
21; 2; 16; 40.294414; 39.764370; 16; 40.294414;
21; 13; 15; 17.117038; 12.609506; 9; 17.117038;
21; 7; 4; 14.599772; 15.343208; 6; 7.480099;



22; 18; 94; 17.860457; 18.550330; 94; 17.860457;
22; 17; 84; 17.594892; 19.523573; 84; 17.594892;
22; 5; 80; 13.319690; 12.095051; 80; 13.319690;
22; 3; 79; 17.734788; 18.041558; 79; 17.734788;
22; 10; 74; 45.592679; 47.104432; 74; 45.592679;
22; 12; 67; 45.490770; 45.959312; 67; 45.490770;
22; 6; 59; 6.510679; 5.602327; 59; 6.510679;
22; 9; 59; 48.701182; 48.425164; 59; 48.701182;
22; 19; 54; 45.546850; 44.680953; 54; 45.546850;
22; 4; 48; 7.676303; 8.685012; 48; 7.676303;
22; 0; 46; 7.676303; 8.685012; 46; 7.676303;
22; 15; 42; 17.685955; 20.353537; 42; 17.685955;
22; 11; 35; 45.700648; 46.196720; 35; 45.700648;
22; 1; 30; 45.882143; 45.890634; 30; 45.882143;
22; 8; 19; 15.915191; 14.953238; 19; 15.915191;
22; 16; 16; 46.132119; 44.379302; 16; 46.132119;
22; 2; 16; 40.930685; 40.294414; 16; 40.930685;
22; 13; 9; 14.921954; 17.117038; 9; 14.921954;
22; 14; 8; 45.462767; 45.982294; 8; 45.462767;
22; 7; 6; 18.431834; 7.480099; 18; 13.663945;



23; 18; 94; 18.447717; 17.860457; 94; 18.447717;
23; 17; 84; 19.276140; 17.594892; 84; 19.276140;
23; 5; 80; 15.535579; 13.319690; 80; 15.535579;
23; 3; 79; 18.621541; 17.734788; 79; 18.621541;
23; 10; 74; 46.007365; 45.592679; 74; 46.007365;
23; 12; 67; 45.906091; 45.490770; 67; 45.906091;
23; 6; 59; 5.378262; 6.510679; 59; 5.378262;
23; 9; 59; 48.970876; 48.701182; 59; 48.970876;
23; 19; 54; 44.438934; 45.546850; 54; 44.438934;
23; 4; 48; 9.826514; 7.676303; 48; 9.826514;
23; 0; 46; 9.826514; 7.676303; 46; 9.826514;
23; 15; 42; 18.598529; 17.685955; 42; 18.598529;
23; 11; 35; 48.074022; 45.700648; 35; 48.074022;
23; 1; 30; 45.153327; 45.882143; 30; 45.153327;
23; 8; 19; 16.262316; 15.915191; 19; 16.262316;
23; 7; 18; 16.091429; 13.663945; 4; 16.091429;
23; 2; 16; 39.895797; 40.930685; 16; 39.895797;
23; 16; 16; 45.370130; 46.132119; 16; 45.370130;
23; 13; 9; 15.993867; 14.921954; 9; 15.993867;
23; 14; 8; 45.649108; 45.462767; 13; 32.325050;



24; 18; 94; 17.924450; 18.447717; 94; 17.924450;
24; 17; 84; 18.012933; 19.276140; 84; 18.012933;
24; 5; 80; 11.158098; 15.535579; 80; 11.158098;
24; 3; 79; 17.628139; 18.621541; 79; 17.628139;
24; 10; 74; 46.548123; 46.007365; 74; 46.548123;
24; 12; 67; 47.263606; 45.906091; 67; 47.263606;
24; 6; 59; 4.458650; 5.378262; 59; 4.458650;
24; 9; 59; 48.563589; 48.970876; 59; 48.563589;
24; 19; 54; 47.066635; 44.438934; 54; 47.066635;
24; 4; 48; 7.930226; 9.826514; 48; 7.930226;
24; 0; 46; 7.930226; 9.826514; 46; 7.930226;
24; 15; 42; 16.884438; 18.598529; 42; 16.884438;
24; 11; 35; 45.809085; 48.074022; 35; 45.809085;
24; 1; 30; 45.307373; 45.153327; 30; 45.307373;
24; 8; 19; 16.662315; 16.262316; 19; 16.662315;
24; 2; 16; 40.453710; 39.895797; 16; 40.453710;
24; 16; 16; 44.790874; 45.370130; 16; 44.790874;
24; 14; 13; 45.579867; 32.325050; 43; 42.268631;
24; 13; 9; 17.294634; 15.993867; 9; 17.294634;
24; 7; 4; 16.044265; 16.091429; 4; 16.044265;



25; 18; 94; 18.098893; 17.924450; 94; 18.098893;
25; 17; 84; 17.661736; 18.012933; 84; 17.661736;
25; 5; 80; 11.412226; 11.158098; 80; 11.412226;
25; 3; 79; 18.138134; 17.628139; 79; 18.138134;
25; 10; 74; 48.010579; 46.548123; 74; 48.010579;
25; 12; 67; 46.100866; 47.263606; 67; 46.100866;
25; 6; 59; 3.092979; 4.458650; 59; 3.092979;
25; 9; 59; 48.411063; 48.563589; 59; 48.411063;
25; 19; 54; 47.140629; 47.066635; 54; 47.140629;
25; 4; 48; 9.373584; 7.930226; 48; 9.373584;
25; 0; 46; 9.373584; 7.930226; 46; 9.373584;
25; 14; 43; 47.801564; 42.268631; 8; 47.801564;
25; 15; 42; 18.271840; 16.884438; 42; 18.271840;
25; 11; 35; 45.669482; 45.809085; 35; 45.669482;
25; 1; 30; 44.535163; 45.307373; 30; 44.535163;
25; 8; 19; 16.634935; 16.662315; 19; 16.634935;
25; 16; 16; 45.215473; 44.790874; 16; 45.215473;
25; 2; 16; 36.109013; 40.453710; 16; 36.109013;
25; 13; 9; 15.826598; 17.294634; 9; 15.826598;
25; 7; 4; 15.086573; 16.044265; 7; 13.121659;



26; 18; 94; 17.147941; 18.098893; 94; 18.098893;
26; 17; 84; 18.211725; 17.661736; 84; 18.211725;
26; 5; 80; 7.596779; 11.412226; 80; 11.412226;
26; 3; 79; 17.672481; 18.138134; 79; 18.138134;
26; 10; 74; 46.141974; 48.010579; 74; 48.010579;
26; 12; 67; 45.728362; 46.100866; 67; 46.100866;
26; 6; 59; 6.561001; 3.092979; 59; 6.561001;
26; 9; 59; 48.497447; 48.411063; 59; 48.497447;
26; 19; 54; 45.358199; 47.140629; 54; 47.140629;
26; 4; 48; 3.993547; 9.373584; 48; 9.373584;
26; 0; 46; 3.993547; 9.373584; 46; 5.413989;
26; 15; 42; 17.092764; 18.271840; 42; 17.092764;
26; 11; 35; 45.981453; 45.669482; 35; 45.981453;
26; 1; 30; 45.619672; 44.535163; 30; 45.619672;
26; 8; 19; 16.191981; 16.634935; 19; 16.191981;
26; 16; 16; 44.632696; 45.215473; 16; 44.632696;
26; 2; 16; 36.881245; 36.109013; 16; 36.881245;
26; 13; 9; 15.742804; 15.826598; 9; 15.742804;
26; 14; 8; 46.225035; 47.801564; 8; 46.225035;
26; 7; 7; 14.673277; 13.121659; 4; 14.673277;



27; 18; 94; 18.508258; 18.098893; 94; 18.508258;
27; 17; 84; 18.941771; 18.211725; 84; 18.941771;
27; 5; 80; 12.761572; 11.412226; 80; 12.761572;
27; 3; 79; 19.173230; 18.138134; 79; 19.173230;
27; 10; 74; 47.926853; 48.010579; 74; 47.926853;
27; 12; 67; 48.407115; 46.100866; 67; 48.407115;
27; 6; 59; 6.769406; 6.561001; 59; 6.769406;
27; 9; 59; 48.044307; 48.497447; 59; 48.044307;
27; 19; 54; 45.973984; 47.140629; 54; 45.973984;
27; 4; 48; 4.246272; 9.373584; 48; 4.246272;
27; 0; 46; 4.246272; 5.413989; 46; 4.246272;
27; 15; 42; 15.744746; 17.092764; 42; 15.744746;
27; 11; 35; 45.280225; 45.981453; 35; 45.280225;
27; 1; 30; 45.804487; 45.619672; 30; 45.804487;
27; 8; 19; 17.291494; 16.191981; 19; 17.291494;
27; 16; 16; 45.278912; 44.632696; 16; 45.278912;
27; 2; 16; 35.658982; 36.881245; 16; 35.658982;
27; 13; 9; 17.462684; 15.742804; 9; 17.462684;
27; 14; 8; 45.774092; 46.225035; 8; 45.774092;
27; 7; 4; 16.738920; 14.673277; 7; 16.705338;



28; 18; 94; 17.952888; 18.508258; 94; 17.952888;
28; 17; 84; 16.827912; 18.941771; 84; 16.827912;
28; 5; 80; 12.558750; 12.761572; 80; 12.558750;
28; 3; 79; 18.050492; 19.173230; 79; 18.050492;
28; 10; 74; 46.006508; 47.926853; 74; 46.006508;
28; 12; 67; 46.382585; 48.407115; 67; 46.382585;
28; 6; 59; 6.331710; 6.769406; 59; 6.331710;
28; 9; 59; 48.708220; 48.044307; 59; 48.708220;
28; 19; 54; 43.942784; 45.973984; 54; 43.942784;
28; 4; 48; 8.023779; 4.246272; 48; 8.023779;
28; 0; 46; 8.023779; 4.246272; 46; 8.023779;
28; 15; 42; 18.549853; 15.744746; 42; 18.549853;
28; 11; 35; 45.266016; 45.280225; 35; 45.266016;
28; 1; 30; 44.492976; 45.804487; 30; 44.492976;
28; 8; 19; 15.678777; 17.291494; 19; 15.678777;
28; 16; 16; 46.617163; 45.278912; 16; 46.617163;
28; 2; 16; 37.071870; 35.658982; 16; 37.071870;
28; 13; 9; 18.745264; 17.462684; 9; 18.745264;
28; 14; 8; 45.627613; 45.774092; 14; 45.081845;
28; 7; 7; 15.686829; 16.705338; 4; 15.686829;



29; 18; 94; 17.031197; 17.952888; 94; 17.952888;
29; 17; 84; 16.872986; 16.827912; 84; 16.872986;
29; 5; 80; 10.136513; 12.558750; 80; 12.558750;
29; 3; 79; 18.287093; 18.050492; 79; 18.287093;
29; 10; 74; 45.971065; 46.006508; 74; 46.006508;
29; 12; 67; 45.283473; 46.382585; 67; 46.382585;
29; 6; 59; 6.260334; 6.331710; 59; 6.331710;
29; 9; 59; 48.492851; 48.708220; 59; 48.708220;
29; 19; 54; 47.206826; 43.942784; 54; 47.206826;
29; 4; 48; 4.324790; 8.023779; 48; 6.646374;
29; 0; 46; 4.324790; 8.023779; 46; 4.324790;
29; 15; 42; 17.630988; 18.549853; 42; 17.630988;
29; 11; 35; 46.134743; 45.266016; 35; 46.134743;
29; 1; 30; 44.889208; 44.492976; 30; 44.889208;
29; 8; 19; 14.394238; 15.678777; 19; 14.394238;
29; 16; 16; 46.844679; 46.617163; 16; 46.844679;
29; 2; 16; 39.765054; 37.071870; 16; 39.765054;
29; 14; 14; 46.077666; 45.081845; 8; 46.077666;
29; 13; 9; 16.259231; 18.745264; 9; 16.259231;
29; 7; 4; 16.725463; 15.686829; 4; 16.725463;



30; 18; 94; 18.761688; 17.952888; 94; 18.761688;
30; 17; 84; 16.870576; 16.872986; 84; 16.870576;
30; 5; 80; 8.884941; 12.558750; 80; 8.884941;
30; 3; 79; 19.306176; 18.287093; 79; 19.306176;
30; 10; 74; 45.834095; 46.006508; 74; 45.834095;
30; 12; 67; 48.174669; 46.382585; 67; 48.174669;
30; 6; 59; 6.810015; 6.331710; 59; 6.810015;
30; 9; 59; 48.787953; 48.708220; 59; 48.787953;
30; 19; 54; 45.206214; 47.206826; 54; 45.206214;
30; 4; 48; 6.100983; 6.646374; 48; 6.100983;
30; 0; 46; 6.100983; 4.324790; 46; 6.100983;
30; 15; 42; 18.647409; 17.630988; 42; 18.647409;
30; 11; 35; 47.947258; 46.134743; 35; 47.947258;
30; 1; 30; 45.966703; 44.889208; 30; 45.966703;
30; 8; 19; 15.169094; 14.394238; 19; 15.169094;
30; 16; 16; 47.129801; 46.844679; 16; 47.129801;
30; 2; 16; 39.133861; 39.765054; 16; 39.133861;
30; 13; 9; 16.089985; 16.259231; 9; 16.089985;
30; 14; 8; 45.698932; 46.077666; 8; 45.698932;
30; 7; 4; 14.719643; 16.725463; 7; 13.378664;



31; 18; 94; 16.983905; 18.761688; 94; 16.983905;
31; 17; 84; 18.095982; 16.870576; 84; 18.095982;
31; 5; 80; 12.334088; 8.884941; 80; 12.334088;
31; 3; 79; 18.183777; 19.306176; 79; 18.183777;
31; 10; 74; 45.254653; 45.834095; 74; 45.254653;
31; 12; 67; 45.705505; 48.174669; 67; 45.705505;
31; 6; 59; 2.856514; 6.810015; 59; 2.856514;
31; 9; 59; 48.533903; 48.787953; 59; 48.533903;
31; 19; 54; 46.571483; 45.206214; 54; 46.571483;
31; 4; 48; 7.481360; 6.100983; 48; 7.481360;
31; 0; 46; 7.481360; 6.100983; 46; 7.481360;
31; 15; 42; 19.096300; 18.647409; 42; 19.096300;
31; 11; 35; 46.783287; 47.947258; 35; 46.783287;
31; 1; 30; 45.903315; 45.966703; 30; 45.903315;
31; 8; 19; 17.097147; 15.169094; 19; 17.097147;
31; 16; 16; 46.721309; 47.129801; 16; 46.721309;
31; 2; 16; 40.257606; 39.133861; 16; 40.257606;
31; 13; 9; 17.992932; 16.089985; 9; 17.992932;
31; 14; 8; 48.089270; 45.698932; 14; 40.646441;
31; 7; 7; 16.019133; 13.378664; 4; 16.019133;



32; 18; 94; 19.225553; 16.983905; 94; 19.225553;
32; 17; 84; 18.694464; 18.095982; 84; 18.694464;
32; 5; 80; 8.389027; 12.334088; 80; 12.334088;
32; 3; 79; 19.076814; 18.183777; 79; 19.076814;
32; 10; 74; 46.018687; 45.254653; 74; 46.018687;
32; 12; 67; 46.702689; 45.705505; 67; 46.702689;
32; 6; 59; 0.779499; 2.856514; 59; 2.856514;
32; 9; 59; 48.624007; 48.533903; 59; 48.624007;
32; 19; 54; 45.866042; 46.571483; 54; 46.571483;
32; 4; 48; 4.925456; 7.481360; 48; 5.548363;
32; 0; 46; 4.925456; 7.481360; 46; 4.925456;
32; 15; 42; 18.224392; 19.096300; 42; 18.224392;
32; 11; 35; 45.422239; 46.783287; 35; 45.422239;
32; 1; 30; 45.519276; 45.903315; 30; 45.519276;
32; 8; 19; 18.507329; 17.097147; 19; 18.507329;
32; 16; 16; 45.851043; 46.721309; 16; 45.851043;
32; 2; 16; 37.244647; 40.257606; 16; 37.244647;
32; 14; 14; 45.940055; 40.646441; 8; 45.940055;
32; 13; 9; 15.728888; 17.992932; 9; 15.728888;
32; 7; 4; 16.984013; 16.019133; 4; 16.984013;



33; 18; 94; 17.524338; 19.225553; 94; 17.524338;
33; 17; 84; 17.773742; 18.694464; 84; 17.773742;
33; 5; 80; 11.170193; 12.334088; 80; 11.170193;
33; 3; 79; 18.812434; 19.076814; 79; 18.812434;
33; 10; 74; 47.194897; 46.018687; 74; 47.194897;
33; 12; 67; 46.048323; 46.702689; 67; 46.048323;
33; 6; 59; 9.254970; 2.856514; 59; 9.254970;
33; 9; 59; 48.357360; 48.624007; 59; 48.357360;
33; 19; 54; 46.208079; 46.571483; 54; 46.208079;
33; 4; 48; 5.186414; 5.548363; 48; 5.186414;
33; 0; 46; 5.186414; 4.925456; 46; 5.186414;
33; 15; 42; 18.724806; 18.224392; 42; 18.724806;
33; 11; 35; 45.765206; 45.422239; 35; 45.765206;
33; 1; 30; 45.792179; 45.519276; 30; 45.792179;
33; 8; 19; 15.386004; 18.507329; 19; 15.386004;
33; 16; 16; 45.422327; 45.851043; 16; 45.422327;
33; 2; 16; 40.240580; 37.244647; 16; 40.240580;
33; 13; 9; 16.278117; 15.728888; 9; 16.278117;
33; 14; 8; 47.408195; 45.940055; 15; 47.112286;
33; 7; 4; 17.177970; 16.984013; 6; 12.561331;



34; 18; 94; 19.086753; 17.524338; 94; 19.086753;
34; 17; 84; 17.775113; 17.773742; 84; 17.775113;
34; 5; 80; 12.393230; 11.170193; 80; 12.393230;
34; 3; 79; 16.661571; 18.812434; 79; 18.812434;
34; 10; 74; 44.626647; 47.194897; 74; 46.329899;
34; 12; 67; 46.105202; 46.048323; 67; 46.105202;
34; 6; 59; 7.547163; 9.254970; 59; 7.547163;
34; 9; 59; 48.396107; 48.357360; 59; 48.396107;
34; 19; 54; 44.154977; 46.208079; 54; 44.154977;
34; 4; 48; 4.540320; 5.186414; 48; 4.540320;
34; 0; 46; 4.540320; 5.186414; 46; 4.540320;
34; 15; 42; 18.901534; 18.724806; 42; 18.901534;
34; 11; 35; 45.566103; 45.765206; 35; 45.566103;
34; 1; 30; 45.775617; 45.792179; 30; 45.775617;
34; 8; 19; 16.215180; 15.386004; 19; 16.215180;
34; 16; 16; 47.115338; 45.422327; 16; 47.115338;
34; 2; 16; 39.118187; 40.240580; 16; 39.118187;
34; 14; 15; 46.094506; 47.112286; 8; 46.094506;
34; 13; 9; 15.223593; 16.278117; 9; 15.223593;
34; 7; 6; 16.308424; 12.561331; 4; 16.308424;



35; 18; 94; 17.662779; 19.086753; 94; 19.086753;
35; 17; 84; 17.554374; 17.775113; 84; 17.775113;
35; 5; 80; 10.268484; 12.393230; 80; 12.393230;
35; 3; 79; 17.698060; 18.812434; 79; 18.812434;
35; 10; 74; 45.223928; 46.329899; 74; 46.329899;
35; 12; 67; 45.958452; 46.105202; 67; 46.105202;
35; 6; 59; 0.074745; 7.547163; 59; 1.995373;
35; 9; 59; 48.425672; 48.396107; 59; 48.425672;
35; 19; 54; 48.124955; 44.154977; 54; 48.124955;
35; 4; 48; 8.885195; 4.540320; 48; 8.885195;
35; 0; 46; 8.885195; 4.540320; 46; 8.885195;
35; 15; 42; 16.615513; 18.901534; 42; 16.615513;
35; 11; 35; 45.985749; 45.566103; 35; 45.985749;
35; 1; 30; 46.081151; 45.775617; 30; 46.081151;
35; 8; 19; 16.702259; 16.215180; 19; 16.702259;
35; 16; 16; 46.030649; 47.115338; 16; 46.030649;
35; 2; 16; 35.131615; 39.118187; 16; 35.131615;
35; 13; 9; 14.546887; 15.223593; 9; 14.546887;
35; 14; 8; 45.386475; 46.094506; 8; 45.386475;
35; 7; 4; 16.700681; 16.308424; 4; 16.700681;



36; 18; 94; 18.239739; 19.086753; 94; 18.239739;
36; 17; 84; 16.708515; 17.775113; 84; 16.708515;
36; 5; 80; 13.381754; 12.393230; 80; 13.381754;
36; 3; 79; 17.379251; 18.812434; 79; 17.379251;
36; 10; 74; 44.983955; 46.329899; 74; 44.983955;
36; 12; 67; 45.114929; 46.105202; 67; 45.114929;
36; 6; 59; 11.450316; 1.995373; 59; 11.450316;
36; 9; 59; 48.525700; 48.425672; 59; 48.525700;
36; 19; 54; 44.701607; 48.124955; 54; 44.701607;
36; 4; 48; 11.763015; 8.885195; 48; 11.763015;
36; 0; 46; 11.763015; 8.885195; 46; 11.763015;
36; 15; 42; 18.015002; 16.615513; 42; 18.015002;
36; 11; 35; 46.274891; 45.985749; 35; 46.274891;
36; 1; 30; 45.245266; 46.081151; 30; 45.245266;
36; 8; 19; 15.173511; 16.702259; 19; 15.173511;
36; 16; 16; 48.595170; 46.030649; 16; 48.595170;
36; 2; 16; 36.237494; 35.131615; 16; 36.237494;
36; 13; 9; 14.913737; 14.546887; 9; 14.913737;
36; 14; 8; 45.936562; 45.386475; 8; 45.936562;
36; 7; 4; 16.261844; 16.700681; 5; 5.596571;



37; 18; 94; 17.173325; 18.239739; 94; 18.239739;
37; 17; 84; 19.629932; 16.708515; 84; 19.629932;
37; 5; 80; 7.291869; 13.381754; 80; 8.677863;
37; 3; 79; 17.062222; 17.379251; 79; 17.062222;
37; 10; 74; 45.172618; 44.983955; 74; 45.172618;
37; 12; 67; 48.128157; 45.114929; 67; 48.128157;
37; 6; 59; 7.960626; 11.450316; 59; 7.960626;
37; 9; 59; 48.762850; 48.525700; 59; 48.762850;
37; 19; 54; 45.402391; 44.701607; 54; 45.402391;
37; 4; 48; 7.903006; 11.763015; 48; 7.903006;
37; 0; 46; 7.903006; 11.763015; 46; 7.903006;
37; 15; 42; 18.469299; 18.015002; 42; 18.469299;
37; 11; 35; 47.614784; 46.274891; 35; 47.614784;
37; 1; 30; 45.975668; 45.245266; 30; 45.975668;
37; 8; 19; 14.497950; 15.173511; 19; 14.497950;
37; 16; 16; 44.344824; 48.595170; 16; 44.344824;
37; 2; 16; 34.271095; 36.237494; 16; 34.271095;
37; 13; 9; 16.719553; 14.913737; 9; 16.719553;
37; 14; 8; 46.091838; 45.936562; 8; 46.091838;
37; 7; 5; 17.172579; 5.596571; 4; 17.172579;



38; 18; 94; 18.066755; 18.239739; 94; 18.239739;
38; 17; 84; 19.110396; 19.629932; 84; 19.629932;
38; 5; 80; 11.164312; 8.677863; 80; 11.164312;
38; 3; 79; 18.169195; 17.062222; 79; 18.169195;
38; 10; 74; 48.284594; 45.172618; 74; 48.284594;
38; 12; 67; 46.212063; 48.128157; 67; 48.128157;
38; 6; 59; 8.589819; 7.960626; 59; 8.589819;
38; 9; 59; 48.596911; 48.762850; 59; 48.762850;
38; 19; 54; 44.412904; 45.402391; 54; 45.402391;
38; 4; 48; 1.006565; 7.903006; 48; 7.903006;
38; 0; 46; 1.006565; 7.903006; 46; 3.589464;
38; 15; 42; 16.495308; 18.469299; 42; 16.495308;
38; 11; 35; 45.969807; 47.614784; 35; 45.969807;
38; 1; 30; 45.639796; 45.975668; 30; 45.639796;
38; 8; 19; 14.988305; 14.497950; 19; 14.988305;
38; 16; 16; 47.908091; 44.344824; 16; 47.908091;
38; 2; 16; 33.203557; 34.271095; 16; 33.203557;
38; 13; 9; 17.422854; 16.719553; 9; 17.422854;
38; 14; 8; 45.416096; 46.091838; 8; 45.416096;
38; 7; 4; 15.092727; 17.172579; 4; 15.092727;



39; 18; 94; 17.868697; 18.239739; 94; 17.868697;
39; 17; 84; 17.960692; 19.629932; 84; 17.960692;
39; 5; 80; 15.269499; 11.164312; 80; 15.269499;
39; 3; 79; 17.490575; 18.169195; 79; 17.490575;
39; 10; 74; 46.687993; 48.284594; 74; 46.687993;
39; 12; 67; 45.799212; 48.128157; 67; 45.799212;
39; 6; 59; 7.161646; 8.589819; 59; 7.161646;
39; 9; 59; 48.469719; 48.762850; 59; 48.469719;
39; 19; 54; 45.094487; 45.402391; 54; 45.094487;
39; 4; 48; 7.011191; 7.903006; 48; 7.011191;
39; 0; 46; 7.011191; 3.589464; 46; 7.011191;
39; 15; 42; 17.481952; 16.495308; 42; 17.481952;
39; 11; 35; 45.547533; 45.969807; 35; 45.547533;
39; 1; 30; 45.489121; 45.639796; 30; 45.489121;
39; 8; 19; 16.155993; 14.988305; 19; 16.155993;
39; 16; 16; 46.203579; 47.908091; 16; 46.203579;
39; 2; 16; 38.912714; 33.203557; 16; 38.912714;
39; 13; 9; 17.602165; 17.422854; 9; 17.602165;
39; 14; 8; 47.313234; 45.416096; 15; 44.533725;
39; 7; 4; 15.441723; 15.092727; 7; 12.248316;



40; 18; 94; 18.109548; 17.868697; 94; 18.109548;
40; 17; 84; 19.404775; 17.960692; 84; 19.404775;
40; 5; 80; 10.826042; 15.269499; 80; 10.826042;
40; 3; 79; 17.903046; 17.490575; 79; 17.903046;
40; 10; 74; 47.729890; 46.687993; 74; 47.729890;
40; 12; 67; 46.438295; 45.799212; 67; 46.438295;
40; 6; 59; 7.385482; 7.161646; 59; 7.385482;
40; 9; 59; 48.211040; 48.469719; 59; 48.211040;
40; 19; 54; 45.441241; 45.094487; 54; 45.441241;
40; 4; 48; 4.913306; 7.011191; 48; 4.913306;
40; 0; 46; 4.913306; 7.011191; 46; 4.913306;
40; 15; 42; 16.122523; 17.481952; 42; 16.122523;
40; 11; 35; 47.067532; 45.547533; 35; 47.067532;
40; 1; 30; 46.528502; 45.489121; 30; 46.528502;
40; 8; 19; 16.564052; 16.155993; 19; 16.564052;
40; 16; 16; 47.870536; 46.203579; 16; 47.870536;
40; 2; 16; 38.646369; 38.912714; 16; 38.646369;
40; 14; 15; 45.991875; 44.533725; 8; 45.991875;
40; 13; 9; 17.671293; 17.602165; 9; 17.671293;
40; 7; 7; 15.847078; 12.248316; 22; 12.261347;



41; 18; 94; 18.495665; 18.109548; 94; 18.495665;
41; 17; 84; 18.578781; 19.404775; 84; 19.404775;
41; 5; 80; 10.268799; 10.826042; 80; 10.826042;
41; 3; 79; 18.900148; 17.903046; 79; 18.900148;
41; 10; 74; 47.275436; 47.729890; 74; 47.729890;
41; 12; 67; 45.851358; 46.438295; 67; 46.438295;
41; 6; 59; 3.345529; 7.385482; 59; 6.231178;
41; 9; 59; 48.524437; 48.211040; 59; 48.524437;
41; 19; 54; 46.543803; 45.441241; 54; 46.543803;
41; 4; 48; 3.107062; 4.913306; 48; 3.107062;
41; 0; 46; 3.107062; 4.913306; 46; 3.107062;
41; 15; 42; 18.919664; 16.122523; 42; 18.919664;
41; 11; 35; 46.302503; 47.067532; 35; 46.302503;
41; 1; 30; 45.338722; 46.528502; 30; 45.338722;
41; 7; 22; 15.664495; 12.261347; 4; 15.664495;
41; 8; 19; 17.912870; 16.564052; 19; 17.912870;
41; 2; 16; 37.729744; 38.646369; 16; 37.729744;
41; 16; 16; 45.309253; 47.870536; 16; 45.309253;
41; 13; 9; 18.358383; 17.671293; 9; 18.358383;
41; 14; 8; 45.156009; 45.991875; 8; 45.156009;



42; 18; 94; 18.365571; 18.495665; 94; 18.365571;
42; 17; 84; 18.926625; 19.404775; 84; 18.926625;
42; 5; 80; 9.406073; 10.826042; 80; 9.406073;
42; 3; 79; 18.299942; 18.900148; 79; 18.299942;
42; 10; 74; 46.399072; 47.729890; 74; 46.399072;
42; 12; 67; 45.657592; 46.438295; 67; 45.657592;
42; 6; 59; 4.248119; 6.231178; 59; 4.248119;
42; 9; 59; 48.308079; 48.524437; 59; 48.308079;
42; 19; 54; 46.336515; 46.543803; 54; 46.336515;
42; 4; 48; 8.877128; 3.107062; 48; 8.877128;
42; 0; 46; 8.877128; 3.107062; 46; 8.877128;
42; 15; 42; 18.539926; 18.919664; 42; 18.539926;
42; 11; 35; 45.119889; 46.302503; 35; 45.119889;
42; 1; 30; 43.669588; 45.338722; 30; 43.669588;
42; 8; 19; 18.552501; 17.912870; 19; 18.552501;
42; 2; 16; 36.926678; 37.729744; 16; 36.926678;
42; 16; 16; 46.818973; 45.309253; 16; 46.818973;
42; 13; 9; 16.793122; 18.358383; 9; 16.793122;
42; 14; 8; 45.404330; 45.156009; 8; 45.404330;
42; 7; 4; 14.778769; 15.664495; 7; 14.473149;



43; 18; 94; 18.504860; 18.365571; 94; 18.504860;
43; 17; 84; 18.258739; 18.926625; 84; 18.258739;
43; 5; 80; 10.470071; 9.406073; 80; 10.470071;
43; 3; 79; 18.325650; 18.299942; 79; 18.325650;
43; 10; 74; 45.975607; 46.399072; 74; 45.975607;
43; 12; 67; 45.023292; 45.657592; 67; 45.023292;
43; 6; 59; 12.326372; 4.248119; 59; 12.326372;
43; 9; 59; 48.665389; 48.308079; 59; 48.665389;
43; 19; 54; 46.599553; 46.336515; 54; 46.599553;
43; 4; 48; 8.070796; 8.877128; 48; 8.070796;
43; 0; 46; 8.070796; 8.877128; 46; 8.070796;
43; 15; 42; 19.019425; 18.539926; 42; 19.019425;
43; 11; 35; 45.534540; 45.119889; 35; 45.534540;
43; 1; 30; 44.009901; 43.669588; 30; 44.009901;
43; 8; 19; 15.534079; 18.552501; 19; 15.534079;
43; 2; 16; 40.282346; 36.926678; 16; 40.282346;
43; 16; 16; 45.667782; 46.818973; 16; 45.667782;
43; 13; 9; 15.919748; 16.793122; 9; 15.919748;
43; 14; 8; 45.104289; 45.404330; 8; 45.104289;
43; 7; 7; 15.241377; 14.473149; 17; 8.636765;



44; 18; 94; 19.009979; 18.504860; 94; 19.009979;
44; 17; 84; 17.300177; 18.258739; 84; 17.300177;
44; 5; 80; 10.722674; 10.470071; 80; 10.722674;
44; 3; 79; 18.911733; 18.325650; 79; 18.911733;
44; 10; 74; 45.880699; 45.975607; 74; 45.880699;
44; 12; 67; 45.942008; 45.023292; 67; 45.942008;
44; 6; 59; 7.500609; 12.326372; 59; 7.500609;
44; 9; 59; 48.485547; 48.665389; 59; 48.485547;
44; 19; 54; 47.320481; 46.599553; 54; 47.320481;
44; 4; 48; 7.338385; 8.070796; 48; 7.338385;
44; 0; 46; 7.338385; 8.070796; 46; 7.338385;
44; 15; 42; 17.922641; 19.019425; 42; 17.922641;
44; 11; 35; 48.343207; 45.534540; 35; 48.343207;
44; 1; 30; 42.005726; 44.009901; 30; 42.005726;
44; 8; 19; 14.583575; 15.534079; 19; 14.583575;
44; 7; 17; 17.018269; 8.636765; 4; 17.018269;
44; 16; 16; 47.251360; 45.667782; 16; 47.251360;
44; 2; 16; 39.736600; 40.282346; 16; 39.736600;
44; 13; 9; 15.472313; 15.919748; 9; 15.472313;
44; 14; 8; 48.252577; 45.104289; 14; 41.915632;



45; 18; 94; 17.618285; 19.009979; 94; 17.618285;
45; 17; 84; 17.299499; 17.300177; 84; 17.299499;
45; 5; 80; 12.351260; 10.722674; 80; 12.351260;
45; 3; 79; 18.727407; 18.911733; 79; 18.727407;
45; 10; 74; 48.099309; 45.880699; 74; 48.099309;
45; 12; 67; 46.085438; 45.942008; 67; 46.085438;
45; 6; 59; 12.366322; 7.500609; 59; 12.366322;
45; 9; 59; 48.956286; 48.485547; 59; 48.956286;
45; 19; 54; 46.203732; 47.320481; 54; 46.203732;
45; 4; 48; 6.330575; 7.338385; 48; 6.330575;
45; 0; 46; 6.330575; 7.338385; 46; 6.330575;
45; 15; 42; 17.632885; 17.922641; 42; 17.632885;
45; 11; 35; 46.545591; 48.343207; 35; 46.545591;
45; 1; 30; 44.418283; 42.005726; 30; 44.418283;
45; 8; 19; 17.066523; 14.583575; 19; 17.066523;
45; 16; 16; 46.502055; 47.251360; 16; 46.502055;
45; 2; 16; 36.667527; 39.736600; 16; 36.667527;
45; 14; 14; 46.056888; 41.915632; 54; 44.864310;
45; 13; 9; 15.834040; 15.472313; 9; 15.834040;
45; 7; 4; 18.242972; 17.018269; 6; 10.100098;



46; 18; 94; 17.840632; 17.618285; 94; 17.840632;
46; 17; 84; 19.449138; 17.299499; 84; 19.449138;
46; 5; 80; 10.902537; 12.351260; 80; 10.902537;
46; 3; 79; 17.269292; 18.727407; 79; 17.269292;
46; 10; 74; 45.854436; 48.099309; 74; 45.854436;
46; 12; 67; 47.685744; 46.085438; 67; 47.685744;
46; 6; 59; 11.959930; 12.366322; 59; 11.959930;
46; 9; 59; 48.405476; 48.956286; 59; 48.405476;
46; 19; 54; 46.469337; 46.203732; 54; 46.469337;
46; 14; 54; 45.846994; 44.864310; 8; 45.846994;
46; 4; 48; 8.389372; 6.330575; 48; 8.389372;
46; 0; 46; 8.389372; 6.330575; 46; 8.389372;
46; 15; 42; 19.368256; 17.632885; 42; 19.368256;
46; 11; 35; 47.660509; 46.545591; 35; 47.660509;
46; 1; 30; 46.292594; 44.418283; 30; 46.292594;
46; 8; 19; 15.843303; 17.066523; 19; 15.843303;
46; 2; 16; 36.664689; 36.667527; 16; 36.664689;
46; 16; 16; 44.765458; 46.502055; 16; 44.765458;
46; 13; 9; 16.535262; 15.834040; 16; 14.369585;
46; 7; 6; 17.274710; 10.100098; 11; 6.573346;



47; 18; 94; 17.605772; 17.840632; 94; 17.605772;
47; 17; 84; 17.719854; 19.449138; 84; 17.719854;
47; 5; 80; 12.293070; 10.902537; 80; 12.293070;
47; 3; 79; 17.976655; 17.269292; 79; 17.976655;
47; 10; 74; 46.031116; 45.854436; 74; 46.031116;
47; 12; 67; 45.876786; 47.685744; 67; 45.876786;
47; 6; 59; 5.215019; 11.959930; 59; 5.215019;
47; 9; 59; 48.547076; 48.405476; 59; 48.547076;
47; 19; 54; 44.763449; 46.469337; 54; 44.763449;
47; 4; 48; 4.900058; 8.389372; 48; 4.900058;
47; 0; 46; 4.900058; 8.389372; 46; 4.900058;
47; 15; 42; 18.199877; 19.368256; 42; 18.199877;
47; 11; 35; 46.100110; 47.660509; 35; 46.100110;
47; 1; 30; 46.115173; 46.292594; 30; 46.115173;
47; 8; 19; 18.033160; 15.843303; 19; 18.033160;
47; 2; 16; 39.859824; 36.664689; 16; 39.859824;
47; 16; 16; 47.180663; 44.765458; 16; 47.180663;
47; 13; 16; 16.431658; 14.369585; 9; 16.431658;
47; 7; 11; 16.410669; 6.573346; 4; 16.410669;
47; 14; 8; 45.893117; 45.846994; 15; 45.839953;



48; 18; 94; 18.638458; 17.605772; 94; 18.638458;
48; 17; 84; 18.206431; 17.719854; 84; 18.206431;
48; 5; 80; 9.822284; 12.293070; 80; 10.090152;
48; 3; 79; 17.527801; 17.976655; 79; 17.527801;
48; 10; 74; 45.881486; 46.031116; 74; 45.881486;
48; 12; 67; 44.789942; 45.876786; 67; 44.789942;
48; 6; 59; 5.676206; 5.215019; 59; 5.676206;
48; 9; 59; 48.250048; 48.547076; 59; 48.250048;
48; 19; 54; 47.589725; 44.763449; 54; 47.589725;
48; 4; 48; 7.044834; 4.900058; 48; 7.044834;
48; 0; 46; 7.044834; 4.900058; 46; 7.044834;
48; 15; 42; 17.579868; 18.199877; 42; 17.579868;
48; 11; 35; 46.075012; 46.100110; 35; 46.075012;
48; 1; 30; 46.136484; 46.115173; 30; 46.136484;
48; 8; 19; 17.464866; 18.033160; 19; 17.464866;
48; 2; 16; 38.637163; 39.859824; 16; 38.637163;
48; 16; 16; 46.782218; 47.180663; 16; 46.782218;
48; 14; 15; 45.726472; 45.839953; 8; 45.726472;
48; 13; 9; 14.917415; 16.431658; 9; 14.917415;
48; 7; 4; 15.940585; 16.410669; 4; 15.940585;



49; 18; 94; 17.473677; 18.638458; 94; 17.473677;
49; 17; 84; 19.038148; 18.206431; 84; 19.038148;
49; 5; 80; 10.999098; 10.090152; 80; 10.999098;
49; 3; 79; 16.955650; 17.527801; 79; 16.955650;
49; 10; 74; 45.988347; 45.881486; 74; 45.988347;
49; 12; 67; 45.892713; 44.789942; 67; 45.892713;
49; 6; 59; 9.600831; 5.676206; 59; 9.600831;
49; 9; 59; 48.209924; 48.250048; 59; 48.209924;
49; 19; 54; 46.362501; 47.589725; 54; 46.362501;
49; 4; 48; 8.644486; 7.044834; 48; 8.644486;
49; 0; 46; 8.644486; 7.044834; 46; 8.644486;
49; 15; 42; 19.492632; 17.579868; 42; 19.492632;
49; 11; 35; 45.484707; 46.075012; 35; 45.484707;
49; 1; 30; 45.373816; 46.136484; 30; 45.373816;
49; 8; 19; 15.737373; 17.464866; 19; 15.737373;
49; 2; 16; 41.046921; 38.637163; 16; 41.046921;
49; 16; 16; 48.322476; 46.782218; 16; 48.322476;
49; 13; 9; 16.211254; 14.917415; 9; 16.211254;
49; 14; 8; 45.676613; 45.726472; 8; 45.676613;
49; 7; 4; 15.737196; 15.940585; 5; 4.844347;



50; 18; 94; 18.412928; 17.473677; 94; 18.412928;
50; 17; 84; 18.281026; 19.038148; 84; 18.281026;
50; 5; 80; 13.949664; 10.999098; 80; 13.949664;
50; 3; 79; 18.285239; 16.955650; 79; 18.285239;
50; 10; 74; 45.142667; 45.988347; 74; 45.142667;
50; 12; 67; 45.683736; 45.892713; 67; 45.683736;
50; 6; 59; 2.584284; 9.600831; 59; 2.584284;
50; 9; 59; 48.362372; 48.209924; 59; 48.362372;
50; 19; 54; 45.861312; 46.362501; 54; 45.861312;
50; 4; 48; 8.034841; 8.644486; 48; 8.034841;
50; 0; 46; 8.034841; 8.644486; 46; 8.034841;
50; 15; 42; 17.880175; 19.492632; 42; 17.880175;
50; 11; 35; 46.276819; 45.484707; 35; 46.276819;
50; 1; 30; 44.533855; 45.373816; 30; 44.533855;
50; 8; 19; 17.200569; 15.737373; 19; 17.200569;
50; 2; 16; 41.947236; 41.046921; 16; 41.947236;
50; 16; 16; 44.181599; 48.322476; 16; 44.181599;
50; 13; 9; 16.395925; 16.211254; 9; 16.395925;
50; 14; 8; 47.955813; 45.676613; 8; 47.955813;
50; 7; 5; 16.940535; 4.844347; 13; 10.995099;



51; 18; 94; 17.229130; 18.412928; 94; 17.229130;
51; 17; 84; 17.266838; 18.281026; 84; 17.266838;
51; 5; 80; 8.935101; 13.949664; 80; 8.935101;
51; 3; 79; 17.789526; 18.285239; 79; 17.789526;
51; 10; 74; 48.583028; 45.142667; 74; 48.583028;
51; 12; 67; 45.467598; 45.683736; 67; 45.467598;
51; 6; 59; 6.791371; 2.584284; 59; 6.791371;
51; 9; 59; 48.633029; 48.362372; 59; 48.633029;
51; 19; 54; 45.671377; 45.861312; 54; 45.671377;
51; 4; 48; 5.143190; 8.034841; 48; 5.143190;
51; 0; 46; 5.143190; 8.034841; 46; 5.143190;
51; 15; 42; 18.476968; 17.880175; 42; 18.476968;
51; 11; 35; 46.024508; 46.276819; 35; 46.024508;
51; 1; 30; 46.371225; 44.533855; 30; 46.371225;
51; 8; 19; 18.471131; 17.200569; 19; 18.471131;
51; 2; 16; 38.042015; 41.947236; 16; 38.042015;
51; 16; 16; 48.186269; 44.181599; 16; 48.186269;
51; 7; 13; 17.299610; 10.995099; 4; 17.299610;
51; 13; 9; 16.131742; 16.395925; 9; 16.131742;
51; 14; 8; 48.112968; 47.955813; 15; 44.343154;



52; 18; 94; 19.060666; 17.229130; 94; 19.060666;
52; 17; 84; 17.807610; 17.266838; 84; 17.807610;
52; 5; 80; 9.654168; 8.935101; 80; 9.654168;
52; 3; 79; 18.731053; 17.789526; 79; 18.731053;
52; 10; 74; 45.901793; 48.583028; 74; 45.901793;
52; 12; 67; 47.723013; 45.467598; 67; 47.723013;
52; 6; 59; 10.201935; 6.791371; 59; 10.201935;
52; 9; 59; 48.247381; 48.633029; 59; 48.247381;
52; 19; 54; 47.850464; 45.671377; 54; 47.850464;
52; 4; 48; 1.004126; 5.143190; 48; 1.004126;
52; 0; 46; 1.004126; 5.143190; 46; 1.004126;
52; 15; 42; 17.184468; 18.476968; 42; 17.184468;
52; 11; 35; 47.448899; 46.024508; 35; 47.448899;
52; 1; 30; 45.826601; 46.371225; 30; 45.826601;
52; 8; 19; 16.688674; 18.471131; 19; 16.688674;
52; 2; 16; 41.986014; 38.042015; 16; 41.986014;
52; 16; 16; 46.116360; 48.186269; 16; 46.116360;
52; 14; 15; 46.042698; 44.343154; 54; 42.202688;
52; 13; 9; 16.866901; 16.131742; 9; 16.866901;
52; 7; 4; 18.493060; 17.299610; 4; 18.493060;



53; 18; 94; 18.736765; 19.060666; 94; 18.736765;
53; 17; 84; 16.304646; 17.807610; 84; 16.304646;
53; 5; 80; 13.241566; 9.654168; 80; 13.241566;
53; 3; 79; 17.939260; 18.731053; 79; 17.939260;
53; 10; 74; 45.742505; 45.901793; 74; 45.742505;
53; 12; 67; 47.069835; 47.723013; 67; 47.069835;
53; 6; 59; 4.420306; 10.201935; 59; 4.420306;
53; 9; 59; 48.406401; 48.247381; 59; 48.406401;
53; 19; 54; 44.566416; 47.850464; 54; 44.566416;
53; 14; 54; 46.185355; 42.202688; 8; 46.185355;
53; 4; 48; 13.115059; 1.004126; 48; 13.115059;
53; 0; 46; 13.115059; 1.004126; 46; 13.115059;
53; 15; 42; 18.076217; 17.184468; 42; 18.076217;
53; 11; 35; 46.009406; 47.448899; 35; 46.009406;
53; 1; 30; 44.966187; 45.826601; 30; 44.966187;
53; 8; 19; 16.705838; 16.688674; 19; 16.705838;
53; 16; 16; 48.111558; 46.116360; 16; 48.111558;
53; 2; 16; 40.149895; 41.986014; 16; 40.149895;
53; 13; 9; 15.535359; 16.866901; 16; 12.635018;
53; 7; 4; 15.445693; 18.493060; 5; 4.502708;



54; 18; 94; 18.091018; 18.736765; 94; 18.091018;
54; 17; 84; 18.909958; 16.304646; 84; 18.909958;
54; 5; 80; 12.302346; 13.241566; 80; 12.302346;
54; 3; 79; 19.626081; 17.939260; 79; 19.626081;
54; 10; 74; 47.615208; 45.742505; 74; 47.615208;
54; 12; 67; 46.323532; 47.069835; 67; 46.323532;
54; 6; 59; 5.152647; 4.420306; 59; 5.152647;
54; 9; 59; 48.583771; 48.406401; 59; 48.583771;
54; 19; 54; 47.135641; 44.566416; 54; 47.135641;
54; 4; 48; 12.070583; 13.115059; 48; 12.070583;
54; 0; 46; 12.070583; 13.115059; 46; 12.070583;
54; 15; 42; 18.853863; 18.076217; 42; 18.853863;
54; 11; 35; 45.606207; 46.009406; 35; 45.606207;
54; 1; 30; 45.289586; 44.966187; 30; 45.289586;
54; 8; 19; 15.800545; 16.705838; 19; 15.800545;
54; 16; 16; 44.475914; 48.111558; 16; 44.475914;
54; 2; 16; 37.565258; 40.149895; 16; 37.565258;
54; 13; 16; 16.067803; 12.635018; 9; 16.067803;
54; 14; 8; 47.483444; 46.185355; 14; 37.334067;
54; 7; 5; 17.950164; 4.502708; 13; 11.125389;



55; 18; 94; 19.311926; 18.091018; 94; 19.311926;
55; 17; 84; 18.264523; 18.909958; 84; 18.909958;
55; 5; 80; 7.104756; 12.302346; 80; 12.302346;
55; 3; 79; 18.750175; 19.626081; 79; 19.615420;
55; 10; 74; 46.533854; 47.615208; 74; 46.533854;
55; 12; 67; 45.895891; 46.323532; 67; 45.895891;
55; 6; 59; 2.898490; 5.152647; 59; 2.898490;
55; 9; 59; 48.036598; 48.583771; 59; 48.036598;
55; 19; 54; 45.002891; 47.135641; 54; 45.002891;
55; 4; 48; 7.407219; 12.070583; 48; 7.407219;
55; 0; 46; 7.407219; 12.070583; 46; 7.407219;
55; 15; 42; 18.621993; 18.853863; 42; 18.621993;
55; 11; 35; 45.481755; 45.606207; 35; 45.481755;
55; 1; 30; 45.890537; 45.289586; 30; 45.890537;
55; 8; 19; 16.976888; 15.800545; 19; 16.976888;
55; 16; 16; 47.826865; 44.475914; 16; 47.826865;
55; 2; 16; 33.944138; 37.565258; 16; 33.944138;
55; 14; 14; 46.150979; 37.334067; 8; 46.150979;
55; 7; 13; 17.243478; 11.125389; 4; 17.243478;
55; 13; 9; 14.541555; 16.067803; 9; 14.541555;



56; 18; 94; 18.348165; 19.311926; 94; 19.311926;
56; 17; 84; 19.744312; 18.909958; 84; 19.744312;
56; 5; 80; 8.412223; 12.302346; 80; 12.302346;
56; 3; 79; 19.647043; 19.615420; 79; 19.647043;
56; 10; 74; 46.017431; 46.533854; 74; 46.533854;
56; 12; 67; 45.562415; 45.895891; 67; 45.895891;
56; 6; 59; 9.137124; 2.898490; 59; 9.137124;
56; 9; 59; 48.790985; 48.036598; 59; 48.790985;
56; 19; 54; 45.221167; 45.002891; 54; 45.221167;
56; 4; 48; 4.705464; 7.407219; 48; 6.250443;
56; 0; 46; 4.705464; 7.407219; 46; 4.705464;
56; 15; 42; 18.287974; 18.621993; 42; 18.287974;
56; 11; 35; 46.029837; 45.481755; 35; 46.029837;
56; 1; 30; 45.525403; 45.890537; 30; 45.525403;
56; 8; 19; 16.251729; 16.976888; 19; 16.251729;
56; 16; 16; 45.278770; 47.826865; 16; 45.278770;
56; 2; 16; 33.611688; 33.944138; 16; 33.611688;
56; 13; 9; 15.092229; 14.541555; 9; 15.092229;
56; 14; 8; 45.679867; 46.150979; 8; 45.679867;
56; 7; 4; 16.701948; 17.243478; 4; 16.701948;



57; 18; 94; 18.315197; 19.311926; 94; 19.311926;
57; 17; 84; 17.658846; 19.744312; 84; 18.789959;
57; 5; 80; 6.973900; 12.302346; 80; 6.973900;
57; 3; 79; 18.663918; 19.647043; 79; 18.663918;
57; 10; 74; 45.559853; 46.533854; 74; 45.559853;
57; 12; 67; 46.428717; 45.895891; 67; 46.428717;
57; 6; 59; 4.660917; 9.137124; 59; 4.660917;
57; 9; 59; 48.310197; 48.790985; 59; 48.310197;
57; 19; 54; 46.592117; 45.221167; 54; 46.592117;
57; 4; 48; 10.494185; 6.250443; 48; 10.494185;
57; 0; 46; 10.494185; 4.705464; 46; 10.494185;
57; 15; 42; 17.657693; 18.287974; 42; 17.657693;
57; 11; 35; 45.744935; 46.029837; 35; 45.744935;
57; 1; 30; 46.134993; 45.525403; 30; 46.134993;
57; 8; 19; 15.019486; 16.251729; 19; 15.019486;
57; 16; 16; 47.402161; 45.278770; 16; 47.402161;
57; 2; 16; 33.494765; 33.611688; 16; 33.494765;
57; 13; 9; 17.088273; 15.092229; 9; 17.088273;
57; 14; 8; 46.065365; 45.679867; 8; 46.065365;
57; 7; 4; 15.112455; 16.701948; 4; 15.112455;



58; 18; 94; 16.268645; 19.311926; 94; 19.311926;
58; 17; 84; 16.496627; 18.789959; 84; 18.789959;
58; 5; 80; 10.991002; 6.973900; 80; 10.991002;
58; 3; 79; 18.418917; 18.663918; 79; 18.663918;
58; 10; 74; 46.053730; 45.559853; 74; 46.053730;
58; 12; 67; 45.468345; 46.428717; 67; 46.428717;
58; 6; 59; 4.742687; 4.660917; 59; 4.742687;
58; 9; 59; 48.671086; 48.310197; 59; 48.671086;
58; 19; 54; 44.422540; 46.592117; 54; 46.592117;
58; 4; 48; 5.384048; 10.494185; 48; 9.246805;
58; 0; 46; 5.384048; 10.494185; 46; 5.384048;
58; 15; 42; 17.934385; 17.657693; 42; 17.934385;
58; 11; 35; 47.732868; 45.744935; 35; 47.732868;
58; 1; 30; 46.123444; 46.134993; 30; 46.123444;
58; 8; 19; 16.619048; 15.019486; 19; 16.619048;
58; 16; 16; 46.460031; 47.402161; 16; 46.460031;
58; 2; 16; 32.413195; 33.494765; 16; 32.413195;
58; 13; 9; 14.465612; 17.088273; 9; 14.465612;
58; 14; 8; 47.470343; 46.065365; 8; 47.470343;
58; 7; 4; 15.905079; 15.112455; 4; 15.905079;



59; 18; 94; 17.679580; 19.311926; 94; 18.489837;
59; 17; 84; 16.939453; 18.789959; 84; 16.939453;
59; 5; 80; 9.948903; 10.991002; 80; 9.948903;
59; 3; 79; 18.618973; 18.663918; 79; 18.618973;
59; 10; 74; 47.720319; 46.053730; 74; 47.720319;
59; 12; 67; 46.208142; 46.428717; 67; 46.208142;
59; 6; 59; 4.028371; 4.742687; 59; 4.028371;
59; 9; 59; 48.362358; 48.671086; 59; 48.362358;
59; 19; 54; 46.793692; 46.592117; 54; 46.793692;
59; 4; 48; 4.901776; 9.246805; 48; 4.901776;
59; 0; 46; 4.901776; 5.384048; 46; 4.901776;
59; 15; 42; 19.033835; 17.934385; 42; 19.033835;
59; 11; 35; 46.341805; 47.732868; 35; 46.341805;
59; 1; 30; 46.079206; 46.123444; 30; 46.079206;
59; 8; 19; 16.853166; 16.619048; 19; 16.853166;
59; 16; 16; 47.241377; 46.460031; 16; 47.241377;
59; 2; 16; 37.282534; 32.413195; 16; 37.282534;
59; 13; 9; 16.953558; 14.465612; 9; 16.953558;
59; 14; 8; 45.997872; 47.470343; 8; 45.997872;
59; 7; 4; 17.303047; 15.905079; 4; 17.303047;



